,mean,std,2.5q,25q,50q,75q,97.5q,mc err
a,1.80755759651,0.0377885452979,1.73504858111,1.78274098947,1.80646872232,1.83247315771,1.88469641361,0.00108918140392
a_std,0.343004525784,0.0309504800629,0.287294617119,0.321331356929,0.341053579422,0.362252153716,0.408379927994,0.00110403331276
a_subj.5000,1.53266952277,0.0551227477621,1.42766149746,1.49459701494,1.53054402296,1.56872900119,1.64692976876,0.00146395818204
a_subj.5001,1.65035349881,0.0502080928878,1.55834953485,1.61548524453,1.64842202032,1.68288906584,1.75663279748,0.00097227954655
a_subj.5002,2.10141342954,0.130795728203,1.868145369,2.00977626834,2.09342860274,2.18328160381,2.38534260289,0.00572836673257
a_subj.5003,2.02841183512,0.134851173515,1.78980032153,1.93508371438,2.01946609439,2.10897628995,2.3150988886,0.00631142776343
a_subj.5004,1.97992547883,0.135455168479,1.74556021056,1.88759416419,1.96841638967,2.05412637288,2.29254926791,0.00678206228901
a_subj.5005,2.05451176873,0.0980320155531,1.86627988746,1.986991182,2.05467084778,2.11746135276,2.25740953789,0.00321481783881
a_subj.5006,1.84815821826,0.115308454554,1.63944220444,1.76588829769,1.84645310685,1.91833124076,2.10242162566,0.00492277355127
a_subj.5007,1.5363233786,0.0785094484072,1.38895056456,1.48328379521,1.53494370999,1.58564425358,1.69968059518,0.0027613400935
a_subj.5008,2.08930973964,0.132799219042,1.86092742354,1.99308329963,2.07582100561,2.16949456487,2.40248598304,0.00602866697923
a_subj.5009,1.80709099973,0.109181661548,1.60639349281,1.73251722254,1.79997421819,1.8779606842,2.03493145755,0.00471962915958
a_subj.5010,1.69078400883,0.0824695506623,1.54318390852,1.63294508037,1.68627228383,1.74296566375,1.86802567161,0.0029243592429
a_subj.5011,1.76528001278,0.100058969728,1.5836764355,1.69520747973,1.75973557621,1.83231107544,1.96628421284,0.00436774398997
a_subj.5012,1.614017283,0.0825616665099,1.46947953986,1.55566541362,1.60827443165,1.6667843237,1.7884951705,0.00329817848476
a_subj.5013,1.9978456079,0.078922859989,1.85256375965,1.94230286053,1.99513289981,2.05118544481,2.15971416081,0.00209785279963
a_subj.5014,1.75615670497,0.0641341567804,1.63036307657,1.7142181272,1.75480256478,1.7971322458,1.88637434755,0.00182347617235
a_subj.5015,2.05068423311,0.124929169466,1.83289520882,1.96281739253,2.03963748598,2.12937267165,2.33961463313,0.00563115397856
a_subj.5016,1.62346597874,0.066483486367,1.48690878556,1.58127535503,1.62280876067,1.66899508938,1.75049584376,0.00225742392238
a_subj.5017,2.04879358136,0.127230303586,1.82487013942,1.9582283285,2.04124339481,2.13233660721,2.31312226943,0.00500147776813
a_subj.5018,1.85053215401,0.0984018358647,1.6608981794,1.78358308566,1.84738393575,1.91339252813,2.06471050956,0.00344003037291
a_subj.5019,2.87506008199,0.257806534912,2.42412784404,2.69371021827,2.84733055682,3.03988831439,3.44951844944,0.0150386912734
a_subj.5020,2.13303844556,0.183971641712,1.80268223338,2.0093810011,2.12021133752,2.23924549845,2.5626497612,0.0112026510789
a_subj.5021,1.84262938777,0.107091206487,1.64517674605,1.76531110324,1.83632898041,1.91401058727,2.06336885019,0.00483969570293
a_subj.5022,1.91904912299,0.125194648884,1.68849278774,1.82891138393,1.91999868439,2.00328225993,2.17619608922,0.00642521643008
a_subj.5023,1.15260043339,0.0353987529498,1.08808643691,1.12874251273,1.15101921576,1.17638070965,1.22424888054,0.000885751119469
a_subj.5024,1.41005033678,0.0524312800121,1.31125271845,1.37425142136,1.40903400313,1.44449243714,1.51650781453,0.00155303309175
a_subj.5025,2.1001994744,0.120425108867,1.88500450937,2.01645848386,2.09149185824,2.17619766797,2.35770508059,0.00455504055846
a_subj.5026,1.73375851957,0.104324952214,1.55043539827,1.66121637805,1.72671560386,1.79666733182,1.97010155294,0.00483268670215
a_subj.5027,0.849265597555,0.0341848128448,0.782676367803,0.826070050199,0.848319216993,0.87194686439,0.917280413201,0.000943684716157
a_subj.5028,1.71916642889,0.0815533404411,1.56495197878,1.66267725108,1.71704873249,1.7704050928,1.89047690365,0.00283511791608
a_subj.5029,2.24476544926,0.18360688558,1.94963712269,2.12045213072,2.22134946023,2.3408121508,2.69023862534,0.0103794556783
a_subj.5030,2.21223517433,0.125479829706,1.98825817231,2.12748552113,2.20382843197,2.29161815027,2.47999693205,0.0049739302486
a_subj.5031,2.43491160702,0.191713730971,2.10673175332,2.29265426546,2.41776076451,2.55105905313,2.86363167994,0.00922719129366
a_subj.5032,1.08732144983,0.0544526798246,0.986969133455,1.04930248803,1.0854707616,1.12204235859,1.19759086757,0.00210685129577
a_subj.5033,1.90636374161,0.109330007287,1.70672605946,1.83241051498,1.90097124712,1.97604908553,2.1331074051,0.0044578045916
a_subj.5034,1.45706196674,0.0552850972512,1.35425548075,1.41872965538,1.45597588091,1.49337704562,1.57073322337,0.00170888099676
a_subj.5035,1.89611028433,0.0843295821242,1.73831460585,1.83833900659,1.89250738947,1.9508183846,2.06467340224,0.00233308134197
a_subj.5036,2.31371804051,0.172325606992,2.02552320977,2.19219763972,2.29833540025,2.41981799398,2.69438835798,0.00859368864373
a_subj.5037,2.02648148613,0.107767528554,1.83276684694,1.95015416862,2.01962105696,2.09554456282,2.25946351481,0.00386397636338
a_subj.5038,1.8376053352,0.0827552351285,1.68437406229,1.78151814467,1.83566496109,1.89088763618,2.00263652439,0.00248185003336
a_subj.5039,1.70978255442,0.0742703996916,1.56899389691,1.6575374804,1.70707805403,1.76087046789,1.86296419323,0.00238921470154
a_subj.5040,1.86647605209,0.0943247393507,1.6935333373,1.80095753458,1.8624665785,1.92880672403,2.06588712681,0.00325549873093
a_subj.5041,1.68757654865,0.0673390931714,1.56103867203,1.64216044007,1.68339902656,1.73295007022,1.8264144738,0.00189563768739
a_subj.5042,1.25586613686,0.0465609420349,1.16970424365,1.22336641058,1.25469890433,1.28616389181,1.35166590291,0.0011882837538
a_subj.5043,1.8112847864,0.0723780928426,1.67481066178,1.76107420994,1.81035560689,1.85994766151,1.95783712273,0.00190224563954
a_subj.5044,1.53225470116,0.0584645781026,1.41692146868,1.49116693173,1.53134471328,1.57253503701,1.64625786341,0.00170197361312
a_subj.5045,1.51233879497,0.0648794061527,1.3940109173,1.46707757338,1.50922082126,1.5545642602,1.6448691297,0.00246203283905
a_subj.5046,1.80900864243,0.0716940256168,1.68372283643,1.75832063965,1.80393815453,1.8555870577,1.96375640774,0.00197701955263
a_subj.5047,1.38684673248,0.0744057563965,1.25000515944,1.33368719669,1.38232788651,1.43474921423,1.54353620329,0.00261108928257
a_subj.5048,1.70507068918,0.0887886006632,1.54109989054,1.64427517106,1.70142955786,1.76226660371,1.89094562624,0.0037302425392
a_subj.5049,1.9464580452,0.0984379182215,1.76536803492,1.87802884717,1.94131483694,2.0119748805,2.15057521972,0.00372205813318
a_subj.5050,1.8285639373,0.119660758449,1.60177402677,1.73208591916,1.84641281626,1.91760127656,2.03640925065,0.00950394747202
a_subj.5051,2.09661812298,0.112830722334,1.89095295013,2.01921198891,2.08876846282,2.16572475243,2.33864752087,0.00403098274372
a_subj.5052,1.72492213614,0.0685731080905,1.59802574204,1.67671319785,1.72133761463,1.77062149785,1.86437865662,0.00186960262735
a_subj.5053,1.83555970152,0.0866620637937,1.67376695535,1.7763781678,1.8346061416,1.8913179943,2.01747627051,0.00233315208789
a_subj.5054,1.85368381722,0.116873460537,1.63948812864,1.77445304221,1.84776513897,1.92418486746,2.10518189984,0.00465452743407
a_subj.5055,1.90893721663,0.107075243252,1.71867279756,1.8332030563,1.90240589376,1.97513391632,2.14499170985,0.00422326883952
a_subj.5056,2.04240484976,0.0966550832389,1.86639093927,1.97336701874,2.039194564,2.10379696406,2.23899706917,0.00370409870315
a_subj.5057,1.83825986749,0.111933466584,1.63881915521,1.75914794253,1.83170025895,1.90957099238,2.07113761481,0.00506017909625
a_subj.5058,1.68084963988,0.076224227703,1.53814452158,1.62741754213,1.6773508592,1.73060584528,1.83537452073,0.00234254724478
a_subj.5059,1.80057873121,0.0884687743692,1.63776715639,1.73786218247,1.7970556216,1.86004569791,1.98436421717,0.00299089219302
a_subj.5060,1.70759520581,0.100555100314,1.52983819405,1.63723608339,1.70145224068,1.77037639963,1.92600620087,0.00407451014954
a_subj.5061,2.11813166996,0.090051415441,1.94993793462,2.05632963742,2.11554559389,2.17670232717,2.31060003879,0.00236305675618
a_subj.5062,1.44665447797,0.0626991305905,1.32606866175,1.4036774139,1.44470571854,1.48948401522,1.574151293,0.00194813726633
a_subj.5063,1.76492958565,0.0777246180384,1.61986558348,1.71222266164,1.76177229857,1.81485872815,1.92357537289,0.00216441665269
a_subj.5064,2.01811527077,0.112286640292,1.82344118005,1.93741890547,2.00740673096,2.09040623359,2.25953937757,0.00462359068871
a_subj.5065,1.79154482682,0.0965887700414,1.60703566588,1.7247622331,1.78910818571,1.85604769774,1.98688780602,0.00376793019344
a_subj.5066,1.84332252744,0.0888443303391,1.68400475806,1.7806510696,1.83941115242,1.90379229005,2.03093205275,0.00327252114034
a_subj.5067,2.34290065959,0.18684951281,2.04036602103,2.21136766704,2.31794016791,2.45007691455,2.77855535893,0.0088975345208
a_subj.5068,1.43238445662,0.0739066163355,1.30464282401,1.37932746894,1.42726429799,1.48024582215,1.58939178384,0.00254406629692
a_subj.5069,1.89151409753,0.0847345835661,1.73650234679,1.8347865709,1.88692246718,1.9459828989,2.07026055279,0.00263010722208
a_subj.5070,1.70696340331,0.0600130537222,1.59285683524,1.66692044235,1.70635702052,1.74691299257,1.82344904644,0.00129915189083
a_subj.5071,1.67950759926,0.0745950632956,1.5384978504,1.6286793566,1.6762842857,1.72718181932,1.83428702767,0.00209982091264
a_subj.5072,1.08559159385,0.0418527782121,1.00170892653,1.05807191605,1.08500687093,1.11388897837,1.16685646044,0.00127240802032
a_subj.5073,1.73611496938,0.0895585698466,1.57146947298,1.6734744331,1.7328420559,1.79211807996,1.91801077474,0.00269104607157
a_subj.5074,1.59154573571,0.0676580854507,1.47060094121,1.54339727536,1.58937014673,1.63618386438,1.73365657651,0.00219110387097
a_subj.5075,2.26968580131,0.162534587614,1.98186304172,2.15686779403,2.25992060425,2.37180743388,2.61804494202,0.00719439977303
a_subj.5076,1.9439709681,0.116477096049,1.73049221591,1.86146373208,1.93874924149,2.01999847225,2.19730284341,0.00393205093872
a_subj.5077,1.72425998618,0.0837680116944,1.56367570416,1.66825270653,1.72208937369,1.77748550504,1.89851396922,0.00308493944561
a_subj.5078,1.87809685043,0.104255442965,1.6867729302,1.80510192342,1.87382505008,1.94469099132,2.0990920207,0.00440064382675
a_subj.5079,2.00134794838,0.128523825099,1.77214803793,1.91257705394,1.99502558918,2.07675061461,2.28747027839,0.00577325050704
a_subj.5080,2.05656651399,0.129888001172,1.82370919678,1.96647985345,2.04610476778,2.13474761794,2.34266957207,0.00588926189369
a_subj.5081,1.8192384915,0.101876905803,1.6405569308,1.74659885034,1.81539402892,1.88344454124,2.03596884435,0.00435963047005
a_subj.5082,1.60092831077,0.0641684865637,1.48599207949,1.55485343884,1.59709621235,1.64276945369,1.73687811221,0.00200348260062
a_subj.5083,1.81520648837,0.0853801876013,1.65299368327,1.75714099874,1.81390771815,1.86974066019,1.98766302763,0.00304257268979
a_subj.5084,2.24187443092,0.204941764309,1.90472614724,2.09267472588,2.22084107021,2.36612056283,2.73490149125,0.012443689853
a_subj.5085,1.59360335614,0.0674846016535,1.46837860692,1.54617154507,1.59227539573,1.63838655448,1.72894060996,0.0020125691972
a_subj.5086,1.17765647076,0.048014191532,1.08594616586,1.14446116631,1.17651285691,1.21032426007,1.27306265561,0.00124887715006
a_subj.5087,1.55709511159,0.0953972017171,1.39081788621,1.49205698692,1.55007155022,1.61300195468,1.76068064241,0.00401327335054
a_subj.5088,1.97030834228,0.129102997209,1.74745362703,1.88428709898,1.95759274575,2.04429761023,2.26832870379,0.00629682683723
a_subj.5089,1.68559272363,0.0762860893256,1.54853087563,1.63254933352,1.68385733819,1.73464510724,1.85347937145,0.00226558882371
v,1.22350311644,0.0606360838312,1.10140077112,1.18260954539,1.22497733494,1.26564613339,1.33952509802,0.00125413807077
v_std,0.562098216514,0.0437427209588,0.482626630473,0.530107828032,0.559756277881,0.589858584274,0.654213378235,0.000985252977425
v_subj.5000,-0.182577148313,0.0994203725019,-0.37335693702,-0.248420913108,-0.18205520902,-0.117122595087,0.0194943356583,0.0022104931824
v_subj.5001,0.651765745343,0.0910765935964,0.473432053971,0.588784138046,0.653331745119,0.711860999662,0.833961875758,0.00182191252871
v_subj.5002,1.62883855742,0.128444707478,1.38241218883,1.54251241518,1.62656905721,1.71355636948,1.88671234709,0.00434213214703
v_subj.5003,1.62430707741,0.136343386137,1.37141968664,1.53541594961,1.61826842364,1.71255695822,1.89528753678,0.0047672171723
v_subj.5004,1.98734423335,0.148719031555,1.70881962102,1.89051460618,1.98587527071,2.08521727981,2.29663521131,0.00509624143376
v_subj.5005,0.823684317171,0.0973842037971,0.634222739801,0.759850911884,0.823476484246,0.88941731994,1.01484989273,0.00194442333125
v_subj.5006,1.85234246205,0.137974191474,1.59221210039,1.75904190602,1.84651406876,1.94662820161,2.11797677307,0.00394965035302
v_subj.5007,1.76892228179,0.142298638898,1.48743546179,1.67626529273,1.76550057469,1.86575883854,2.04618489933,0.00383823975635
v_subj.5008,1.56866711935,0.127992200404,1.33285211276,1.48351846539,1.56096238986,1.65134825201,1.83980106204,0.00426394559013
v_subj.5009,1.80682421,0.141189336452,1.52830606259,1.71020740732,1.80802080067,1.90524102765,2.07347584489,0.00454066684965
v_subj.5010,1.27021828811,0.114740804196,1.04180422807,1.19393423658,1.2704205169,1.3474226223,1.48872969504,0.00238980216774
v_subj.5011,1.65411709022,0.135679924203,1.38385257103,1.56207865814,1.65110042799,1.74879333918,1.92097812967,0.00371385023724
v_subj.5012,1.49246254079,0.124247834962,1.25696274089,1.40713667278,1.4920717001,1.5772437015,1.73906509459,0.00315271189581
v_subj.5013,0.608463238013,0.087227721827,0.441310434601,0.548378879211,0.609472086687,0.664912131067,0.787395620109,0.00186439325563
v_subj.5014,0.342132640131,0.0940242917976,0.162472986619,0.280684693828,0.339399717549,0.405305082621,0.533165341015,0.00170672328224
v_subj.5015,1.53959092823,0.122336647364,1.29138887629,1.45819557253,1.53955851214,1.62219342828,1.77963440194,0.0041230310918
v_subj.5016,0.461466958374,0.100673435695,0.261496507718,0.393506350873,0.461139821969,0.529842582671,0.660985287797,0.00223792214447
v_subj.5017,1.58364504382,0.134906540683,1.32875440025,1.49164675031,1.57786809525,1.67297366011,1.84892292352,0.00442021039751
v_subj.5018,1.37530556194,0.122343065687,1.14470394784,1.29142962398,1.37375323769,1.45809892979,1.61419297316,0.00312586267624
v_subj.5019,1.64583129867,0.1430383059,1.37703213961,1.55043419529,1.63656532545,1.73881485916,1.94883383188,0.007094877653
v_subj.5020,2.10219081873,0.155993664651,1.8080270608,1.99498907523,2.0963618567,2.20300685161,2.41709255584,0.006851275657
v_subj.5021,1.39871877573,0.117494230902,1.17625060434,1.3175623867,1.39578380465,1.47827456257,1.63422068294,0.00318628030389
v_subj.5022,1.18423367572,0.113455350819,0.96253684267,1.10911980023,1.18523497465,1.26055138872,1.41225001433,0.0028844956701
v_subj.5023,0.051832269977,0.129781201824,-0.200021285362,-0.0362354309453,0.050012283581,0.140309053381,0.309713112824,0.00264327720782
v_subj.5024,0.554269539123,0.114765565699,0.320421682966,0.482261484684,0.552166053476,0.631033981641,0.77602160877,0.0021470260566
v_subj.5025,1.37947450032,0.116662700373,1.16526113426,1.29804709422,1.3784732259,1.45229938974,1.61703180174,0.00319008247045
v_subj.5026,1.58964318168,0.133188793935,1.33241202555,1.49930414798,1.58920708321,1.67864180338,1.86068468761,0.00410259191167
v_subj.5027,1.38646972482,0.192234424087,1.02572652522,1.25637895019,1.38614302266,1.51370477647,1.77250798729,0.0038569201819
v_subj.5028,0.996260876873,0.114959880278,0.77648150635,0.914663183045,0.998341499479,1.07109642139,1.22373774491,0.00261311908122
v_subj.5029,1.62422775091,0.160524243858,1.33930335708,1.51320797892,1.61690333362,1.72269980699,1.97331281893,0.00734750720375
v_subj.5030,1.19147263906,0.107777210375,0.97898697871,1.11603985375,1.19133931309,1.26349976249,1.40604993281,0.00289366371328
v_subj.5031,1.58440606572,0.133170021546,1.32556009802,1.4944813483,1.58606190167,1.67288075139,1.85257588913,0.00536658607984
v_subj.5032,2.29890485358,0.187883630909,1.93114937149,2.17546011132,2.29958169028,2.4223021249,2.67013462109,0.00450834908318
v_subj.5033,1.39782606059,0.123679558173,1.15335228389,1.31126646366,1.40039243704,1.47951473713,1.63970281512,0.00285969230688
v_subj.5034,0.541717602411,0.106154026433,0.33148451241,0.469785354912,0.540747961532,0.61416013171,0.752403592965,0.00217602145009
v_subj.5035,1.00581514931,0.100820307773,0.810850092657,0.938274696102,1.00474790492,1.07436696696,1.20167811407,0.00250907417026
v_subj.5036,1.51155516634,0.144803865599,1.2475906063,1.40877376673,1.50849819833,1.60514448633,1.81487252739,0.00546103870415
v_subj.5037,1.32651152701,0.109937728945,1.10987834814,1.25206703508,1.32633518281,1.39903479665,1.54740766147,0.00295869348513
v_subj.5038,0.972334787917,0.102065088221,0.767205049666,0.905198938387,0.974010586438,1.04258250276,1.1682990899,0.00234287932394
v_subj.5039,1.13991635582,0.112848193192,0.915298428563,1.06638675278,1.13654450836,1.21612982707,1.36065252929,0.00265783852531
v_subj.5040,1.35189012832,0.118043763309,1.12256145019,1.27199314823,1.34758471264,1.43048604342,1.5916528318,0.00295147910923
v_subj.5041,0.775193580138,0.101781078004,0.570115360345,0.705532372693,0.775644742713,0.843354674014,0.977027314819,0.00203820777875
v_subj.5042,0.468665105625,0.121474575039,0.23320456847,0.387418690523,0.46871221762,0.548458450109,0.708775086458,0.00248160098258
v_subj.5043,0.759028267246,0.0994259703447,0.565816314873,0.692529909336,0.758489618074,0.824521787756,0.959493130525,0.00226429887647
v_subj.5044,0.568376142256,0.110208945585,0.356085867208,0.495536983417,0.566617099525,0.643475532038,0.78995836805,0.00228017898647
v_subj.5045,0.504454297436,0.106638932415,0.294326987805,0.432659030873,0.503071630114,0.578109643523,0.712923225032,0.00208163474739
v_subj.5046,0.600789386736,0.0962057871883,0.407376362005,0.536840792041,0.602816638175,0.667932470123,0.786473852134,0.00213401786924
v_subj.5047,1.79579664122,0.151243536158,1.50862882858,1.69273726469,1.79625171027,1.89546884188,2.10089168194,0.00348513217611
v_subj.5048,1.45935868442,0.126595922137,1.21613985081,1.37347277503,1.45959976763,1.54249764222,1.71444294965,0.00353308963407
v_subj.5049,1.29450090348,0.108964744191,1.08826425504,1.21999678171,1.29546246413,1.36650939184,1.51399439295,0.00305938888482
v_subj.5050,0.398543688398,0.0974192669619,0.211396934845,0.331176204087,0.396539911422,0.464148249359,0.594626824648,0.0022090858239
v_subj.5051,1.17461015958,0.107170466958,0.967416130264,1.10166882338,1.1736482979,1.2443632286,1.39091424986,0.00292492841931
v_subj.5052,0.64526381934,0.100586248184,0.447358286536,0.578347849964,0.646627230668,0.710623077083,0.844204653545,0.00190628940024
v_subj.5053,1.09299138311,0.108184192873,0.88205382232,1.01803256086,1.09168731423,1.16672191471,1.30856066705,0.00225738524821
v_subj.5054,1.71161695411,0.146458277139,1.41063046145,1.61574780127,1.71087809294,1.80763227838,1.99394434739,0.00373160773764
v_subj.5055,1.45774616917,0.124130951679,1.2189266267,1.37589335561,1.45559074493,1.53871883843,1.70931853488,0.0034556698966
v_subj.5056,1.0648304363,0.096895464023,0.879494562291,0.998529874791,1.06371487451,1.12719556617,1.25981535726,0.00236910262941
v_subj.5057,1.71334727522,0.138519165051,1.45404352658,1.61825586858,1.70990554896,1.80437799537,1.99502016212,0.00452970732625
v_subj.5058,1.15062767892,0.112179702526,0.940362103392,1.07368294522,1.1478208538,1.22478482732,1.37918364216,0.00243743482919
v_subj.5059,1.26715772864,0.112761743446,1.05640925263,1.18950427203,1.26303680203,1.34305257515,1.50218125857,0.0025496988048
v_subj.5060,1.7849254934,0.141943168075,1.51888202562,1.68702240488,1.78241465183,1.88079622756,2.06338732366,0.0043859017384
v_subj.5061,0.671626423718,0.0907226152501,0.493287825353,0.611004036423,0.671897869761,0.732941209789,0.848856438573,0.00218785859904
v_subj.5062,1.30372744583,0.128536060435,1.04553517502,1.22058607793,1.30442740187,1.38921981835,1.56359385007,0.00288300448946
v_subj.5063,1.09712487216,0.107701894539,0.888872777692,1.02665376164,1.09645452155,1.17043509501,1.30714486989,0.00278659368115
v_subj.5064,1.42867813997,0.113544389731,1.2076962914,1.3507805771,1.42737512232,1.50373850461,1.65281115912,0.00326176086713
v_subj.5065,1.36726661868,0.117159621239,1.13989558956,1.28912257036,1.36736076405,1.44804367687,1.58658446631,0.00285006960461
v_subj.5066,1.20831661448,0.111192147578,0.983179682424,1.13396681844,1.20796791867,1.28343447693,1.43071269052,0.00261140809143
v_subj.5067,1.70519657738,0.145057569213,1.43982496923,1.60669955172,1.69538395117,1.79608819705,2.01469375926,0.00571222188897
v_subj.5068,1.66727679672,0.154106700308,1.36918376453,1.56576213438,1.66861591016,1.76920410708,1.97730577517,0.00365039612271
v_subj.5069,1.04569879514,0.105986262149,0.834529366892,0.973911149543,1.04576854779,1.11774660067,1.26490416948,0.00257170982272
v_subj.5070,-0.834112843557,0.108330245494,-1.04969411553,-0.907718304382,-0.83219388372,-0.759496872731,-0.61787064042,0.00252607516411
v_subj.5071,1.0407908842,0.110991553381,0.82568158518,0.965263744061,1.04157284081,1.11797552177,1.25256727196,0.00229050601676
v_subj.5072,0.730772815138,0.143396625687,0.452937121024,0.636273396606,0.72931527353,0.825622617927,1.01176565805,0.00312693903893
v_subj.5073,1.48254390271,0.127004336076,1.2332116272,1.39992930961,1.48193080921,1.5655800833,1.73371666303,0.0030214570907
v_subj.5074,1.07726903655,0.116183896785,0.859234659998,0.997072623772,1.07548080381,1.15509249734,1.30511745547,0.00291911232938
v_subj.5075,1.67202898284,0.130020296645,1.41507198123,1.58390763273,1.66689706596,1.76027183966,1.93755468697,0.00440746914603
v_subj.5076,1.76355920098,0.13720685783,1.49685251281,1.6690712775,1.76507227905,1.85739501626,2.03825861879,0.00403588617271
v_subj.5077,1.33514777122,0.12316782909,1.09466314653,1.25295732844,1.33217414246,1.41525172565,1.57856105932,0.00308817694488
v_subj.5078,1.50759164858,0.128650981676,1.26473146493,1.41826382237,1.50487769366,1.59242450076,1.76541302,0.00367060041186
v_subj.5079,1.68711958436,0.140344361682,1.41653701288,1.59309250061,1.68281071895,1.77690622411,1.97350551555,0.0047870092645
v_subj.5080,1.53360906947,0.14170803476,1.26541631491,1.43509102522,1.52962983569,1.62446445959,1.82727882343,0.00481864643586
v_subj.5081,1.66167134173,0.132191158087,1.41023541275,1.57326303496,1.66078033743,1.74740213608,1.92717750642,0.00355056905073
v_subj.5082,0.327350818228,0.100159003849,0.122982249668,0.264695671751,0.327441126915,0.394205869081,0.520251083217,0.00175118856006
v_subj.5083,1.22159566534,0.113535877336,1.00650159823,1.14524229761,1.22148245785,1.2988027675,1.44576286203,0.00287535906633
v_subj.5084,2.08100928428,0.157277091328,1.77941701454,1.97667812325,2.07688793017,2.18510736701,2.38985973653,0.00636150173015
v_subj.5085,0.972934115483,0.108171716397,0.754958223094,0.903175500546,0.974705476713,1.04437242787,1.19063802656,0.00252913700193
v_subj.5086,0.700175771105,0.138035533384,0.430568837661,0.609413377435,0.699086779472,0.796966213724,0.96906587602,0.0024228614958
v_subj.5087,2.07845324848,0.15947667697,1.77759283292,1.96999864552,2.07505356611,2.18576881354,2.40277169697,0.00477810846245
v_subj.5088,1.77038880993,0.140810986127,1.49094716275,1.67943246456,1.76340465421,1.86273909739,2.05126114139,0.00533994577054
v_subj.5089,1.13878615361,0.117214286813,0.91334877919,1.06257371197,1.13454398398,1.21520409681,1.38305077426,0.00309734995808
t,0.287574036751,0.0152830711192,0.259042364478,0.277236781316,0.286703764487,0.29774249966,0.318870227595,0.000483539676569
t_std,0.139879065645,0.0145047633557,0.115259332778,0.129664845615,0.13855512051,0.148965987389,0.17122251014,0.000538034240295
t_subj.5000,0.139659526301,0.0115664033132,0.115081911406,0.132059204884,0.140484160902,0.147818505642,0.160335942838,0.000326938776314
t_subj.5001,0.00891149134637,0.00435643397516,0.00224916087286,0.00556685684607,0.00826171508918,0.0115301801003,0.0191643536256,0.000120379146638
t_subj.5002,0.254941477695,0.0189522239416,0.21553398213,0.243142067617,0.255561021866,0.268034063603,0.289817508019,0.00077188115158
t_subj.5003,0.387673494695,0.0193716020112,0.346140179837,0.375529141851,0.388542705698,0.400783306377,0.424220237187,0.000786019113856
t_subj.5004,0.254277473058,0.0162835419944,0.218163807137,0.245033505057,0.2554936398,0.265837651717,0.281951844943,0.000763220524608
t_subj.5005,0.325562622151,0.0257379287483,0.272248903602,0.309451626447,0.325577154192,0.341610400519,0.378879277425,0.000858709532024
t_subj.5006,0.297785636925,0.0160685669231,0.264519666848,0.287805285487,0.29870897899,0.308264213337,0.327371302094,0.000625397468094
t_subj.5007,0.306471597595,0.010501906946,0.284231799512,0.299994977923,0.30742611498,0.313990597663,0.324407100907,0.000351200317843
t_subj.5008,0.265987285464,0.0200531821657,0.222214518282,0.253560683532,0.26804471764,0.28059588175,0.298780589895,0.000823559586685
t_subj.5009,0.233240314481,0.0150392295528,0.200990090202,0.223459419661,0.234136736963,0.243637695571,0.259735347019,0.000596223465329
t_subj.5010,0.261132852471,0.0189017372994,0.210308384888,0.252446975387,0.263327439876,0.272817648726,0.294357500026,0.000669574431207
t_subj.5011,0.321650860361,0.0150011722832,0.290531842989,0.312351633856,0.322546357494,0.332166793971,0.348683333938,0.000630417716975
t_subj.5012,0.387293067686,0.0153670734778,0.348423506822,0.379868568788,0.389517390905,0.39764970689,0.411341848077,0.000574975335426
t_subj.5013,0.153601079538,0.0247505338694,0.106826044667,0.135766472533,0.15216205394,0.17263236422,0.20226419049,0.000622993448377
t_subj.5014,0.298282944288,0.0164867819237,0.263447138834,0.288207801026,0.299504574072,0.309481125296,0.32706520298,0.000469084227738
t_subj.5015,0.286577862903,0.0196038818121,0.243767939963,0.273939794956,0.288215549006,0.300471878906,0.320781199944,0.000822927707712
t_subj.5016,0.263746532872,0.0245632253332,0.227089779583,0.248479084552,0.258887545508,0.272835285264,0.33180859147,0.000979012418814
t_subj.5017,0.458265301936,0.0181161603637,0.418322631042,0.446660154621,0.459498676361,0.470861623332,0.489857113464,0.000649689120362
t_subj.5018,0.27905792225,0.0213395606743,0.238355003603,0.26471127787,0.27803231352,0.29212615641,0.321829688279,0.000688109191334
t_subj.5019,0.205894743825,0.0312834321523,0.140030082115,0.184825937899,0.208681602553,0.228601501893,0.260089955218,0.00161452732911
t_subj.5020,0.260507796553,0.0227156576403,0.209461990543,0.246897073341,0.262182268428,0.276032490432,0.29953009627,0.00128003993979
t_subj.5021,0.269663148653,0.0290506665961,0.217694724561,0.246653984829,0.268837419074,0.293398799236,0.320229504553,0.00131922620477
t_subj.5022,0.340179396804,0.0451111946831,0.261000394784,0.305914892248,0.33139743716,0.383301981623,0.41163818303,0.00242090027759
t_subj.5023,0.00919602495703,0.00331816831267,0.00293209363823,0.0068954722696,0.00901925956159,0.011530460082,0.0158842857175,8.88449026656e-05
t_subj.5024,0.294043843964,0.010692957138,0.27127179284,0.287403125816,0.294555207759,0.301396561215,0.313376971087,0.000313458700248
t_subj.5025,0.256660056735,0.0240453136643,0.215081387645,0.240859723036,0.254820714112,0.268858645159,0.314800512294,0.000816290980927
t_subj.5026,0.298373929719,0.0194114187144,0.251489897642,0.289374923891,0.301887124547,0.311948296944,0.32793738454,0.000827940613482
t_subj.5027,0.396844443856,0.00356851118431,0.388839684294,0.394743555708,0.397107464064,0.399321710523,0.403055002024,9.9354269993e-05
t_subj.5028,0.374494335439,0.0209347862762,0.330681223402,0.359163773882,0.379266322813,0.3904797972,0.40667906537,0.000706301853351
t_subj.5029,0.530041013392,0.0250688608574,0.478558002911,0.515289859992,0.530615707348,0.545338881041,0.583371997655,0.00119491056204
t_subj.5030,0.319668990968,0.0287243763374,0.257324447175,0.30112385461,0.324221237345,0.340886289204,0.364356135258,0.00106345786863
t_subj.5031,0.25932448511,0.0260028633204,0.200502266673,0.24372811774,0.261361135982,0.27697436716,0.303633103629,0.00110984765036
t_subj.5032,0.336282181161,0.0052507835651,0.325424007572,0.333099447654,0.336569436592,0.339608088056,0.346472501746,0.000190212123844
t_subj.5033,0.304832443317,0.0232805120767,0.25456767588,0.288460130998,0.30865983623,0.3232061314,0.340844711736,0.000957366525569
t_subj.5034,0.172123603507,0.01175910347,0.145836846465,0.165987763898,0.173030625271,0.17943593432,0.193252019582,0.000390697182226
t_subj.5035,0.332452568985,0.0168057310632,0.297823706029,0.321395323251,0.333070599373,0.34277401271,0.366615694743,0.000474820327726
t_subj.5036,0.384330315201,0.0235354526082,0.33200891382,0.370675834278,0.386080716976,0.400644663554,0.425423014363,0.00104929848898
t_subj.5037,0.260167582506,0.020172864862,0.217745708426,0.247770970178,0.261678328509,0.274087744899,0.295133682793,0.000655387324644
t_subj.5038,0.332744706959,0.0178065504059,0.294435130411,0.321953481808,0.333981742885,0.345053099478,0.36419875261,0.000532339523589
t_subj.5039,0.230896530433,0.0148224022653,0.201754966811,0.221438338176,0.230913147386,0.240143029812,0.263981147178,0.000447645808746
t_subj.5040,0.3695520429,0.0167121448253,0.335383615716,0.358797891743,0.370004319228,0.380635497995,0.401003839062,0.000528855742275
t_subj.5041,0.133724258095,0.0130344491094,0.107046294292,0.125384333029,0.134634332486,0.142869839594,0.157105804314,0.000348689092128
t_subj.5042,0.299728752646,0.00807502933814,0.282804982173,0.294463094412,0.30040568527,0.305591724166,0.313468862986,0.000222654649727
t_subj.5043,0.379496304245,0.0158608684054,0.344702783179,0.370077115901,0.380497862322,0.390304237005,0.408036533556,0.000420889203813
t_subj.5044,0.196009630917,0.0107994045648,0.173341438081,0.18947740784,0.196554428621,0.203398868827,0.215521299783,0.000287580153353
t_subj.5045,0.165367296396,0.0197063386324,0.124500862833,0.151065550885,0.169708307785,0.180121795071,0.196071465325,0.000765000231356
t_subj.5046,0.268430581266,0.0175062481641,0.232010804068,0.257709994487,0.269410581866,0.280341508801,0.300969342401,0.000498930779666
t_subj.5047,0.421391490361,0.0109301735511,0.399828574744,0.413905727169,0.420990206972,0.430107405415,0.440347243878,0.000375634270577
t_subj.5048,0.269517088668,0.0141823411458,0.238351338073,0.260742079871,0.270272075944,0.279331071488,0.294664311803,0.000536725155606
t_subj.5049,0.211930518961,0.0214211640717,0.172264936828,0.197846942932,0.210484342791,0.224813005879,0.25913313667,0.000730115346353
t_subj.5050,0.211910568543,0.0887865765504,0.114798079295,0.141716461836,0.159007287043,0.317738534918,0.356048694464,0.00829551317213
t_subj.5051,0.355404516182,0.0225208173349,0.305480043379,0.342608965446,0.356773181224,0.370041508001,0.396939967882,0.000723154656488
t_subj.5052,0.334304610095,0.014829991262,0.302492347799,0.324990451342,0.335499114691,0.344620552845,0.360142908558,0.000404343787543
t_subj.5053,0.277265947076,0.0198001563206,0.240898608213,0.264057462269,0.275063969685,0.289467623743,0.318501596301,0.000533517658861
t_subj.5054,0.235859729245,0.0202501357345,0.196608401239,0.225440930358,0.235340587645,0.24471911887,0.291303632809,0.000798215426965
t_subj.5055,0.359221424476,0.018416585527,0.314624290798,0.348920828176,0.361219790226,0.372470598933,0.388068507225,0.000710135018383
t_subj.5056,0.287846712826,0.0198921780455,0.246075299,0.275092075122,0.289563205238,0.302334281881,0.321283456917,0.00069129143328
t_subj.5057,0.275592573035,0.0158749259602,0.241301923293,0.264988915209,0.276393076817,0.28685963689,0.303886657626,0.000681713168056
t_subj.5058,0.287017051135,0.0160900685959,0.251670159805,0.277277414363,0.289119949839,0.297713115811,0.314220158739,0.000487690445728
t_subj.5059,0.340191065458,0.0199269515846,0.303156267313,0.325661260855,0.339417998524,0.356025265591,0.376447141224,0.000701423932829
t_subj.5060,0.279024335516,0.013568278149,0.248693741235,0.270795783266,0.28050323646,0.288355717737,0.303487296511,0.000532980614559
t_subj.5061,0.161995246895,0.0294050256544,0.109406676091,0.142423707129,0.158462476382,0.177716402564,0.228157396113,0.00089427542215
t_subj.5062,0.29712036548,0.0113568201994,0.273546253534,0.289612439913,0.297505327812,0.305672617938,0.317476234331,0.000343647972164
t_subj.5063,0.353673373549,0.01432944279,0.322331484997,0.344704358723,0.355063702539,0.363540656676,0.379188332882,0.000405743833823
t_subj.5064,0.32292765006,0.0184334868108,0.282850636699,0.311711760515,0.32427041582,0.336401968156,0.354370896313,0.000711086214953
t_subj.5065,0.326475814985,0.0229124521932,0.283543757673,0.308277412278,0.327151943616,0.343639142911,0.369696727051,0.000783475297091
t_subj.5066,0.283465584341,0.0158209505815,0.248806116686,0.273338127788,0.284303993487,0.294916679674,0.311102090133,0.000554338637114
t_subj.5067,0.29864393416,0.0240592979086,0.24627454996,0.283241740855,0.300557698886,0.315510600731,0.341702396704,0.00104172256133
t_subj.5068,0.380668394209,0.0112247855988,0.352642448471,0.3752286152,0.382297392165,0.387947701751,0.399024778314,0.000379578351806
t_subj.5069,0.253034001911,0.0195708681599,0.212286754044,0.240168279862,0.253821373739,0.267204878017,0.288384017435,0.000598765156324
t_subj.5070,0.0173138993699,0.00834135535448,0.00460765413155,0.011596301378,0.0162610769161,0.0215588720561,0.0376647290327,0.000218130167982
t_subj.5071,0.439310536598,0.0135724045243,0.410391580534,0.430988577892,0.439976872139,0.448740572775,0.462832437512,0.000390126919223
t_subj.5072,0.384677237273,0.00859914678964,0.372115294671,0.379917143713,0.383664161098,0.387366389351,0.413645570356,0.000315322586669
t_subj.5073,0.267246536008,0.0156808519804,0.236498698396,0.257022349137,0.266700593572,0.276978285211,0.300042876438,0.000418205077532
t_subj.5074,0.428443050344,0.0133087332368,0.393751123834,0.421500027799,0.430341663164,0.437422882352,0.449553752042,0.000406742126711
t_subj.5075,0.365404638363,0.0232125115492,0.317558879189,0.351089735624,0.366727755354,0.381087650772,0.407566351411,0.000992401092515
t_subj.5076,0.233015069457,0.0149004401688,0.202242772797,0.223048307737,0.233779283674,0.243210360003,0.261056680756,0.000483451847686
t_subj.5077,0.394002563813,0.0159978554483,0.364036705663,0.383494354052,0.393050102424,0.404691568684,0.425207556266,0.000561397763309
t_subj.5078,0.220633963845,0.0155478750762,0.188101389302,0.210974165476,0.221617327714,0.231693881873,0.247495049639,0.000629603803663
t_subj.5079,0.252806237055,0.0166569447078,0.215768292806,0.242430687549,0.254064006002,0.26429304972,0.281482904248,0.00064825689918
t_subj.5080,0.332780324312,0.0196219169163,0.291040594467,0.32071107187,0.333002179882,0.345475538368,0.370823803703,0.000764832525774
t_subj.5081,0.28083263387,0.0152493231954,0.249262459966,0.271294816562,0.281367579898,0.291367993762,0.308932512848,0.000611339267518
t_subj.5082,0.121805155726,0.0221826293062,0.0686108845953,0.11041208545,0.127350582721,0.137482009218,0.152460517643,0.000708362618705
t_subj.5083,0.315608851066,0.0157893464462,0.282152520568,0.305500894258,0.316185305478,0.325777897916,0.345577339463,0.000507060593855
t_subj.5084,0.31352153501,0.0280347331978,0.244315098798,0.299050846028,0.317491954749,0.332426949992,0.357290376132,0.0016436124657
t_subj.5085,0.228202799905,0.0159280454767,0.195515042994,0.21627923616,0.229567996241,0.240487598478,0.255199846765,0.000476213073073
t_subj.5086,0.185528644553,0.00943980860331,0.168086516511,0.178161312425,0.186100313058,0.19270271783,0.202231316896,0.000260358786954
t_subj.5087,0.351411007332,0.011123364387,0.326603570372,0.345074565664,0.3525653481,0.359220507248,0.370389788375,0.000431459904371
t_subj.5088,0.261466873144,0.0162867178429,0.223845609988,0.252424336952,0.26275331986,0.272918276728,0.2893391065,0.000694784435287
t_subj.5089,0.255163352413,0.0137178397585,0.22375605949,0.246722942339,0.256053963779,0.264841075451,0.279657763806,0.000390067904493
